{
  "RandomForest": {
    "0": {
      "precision": 0.8029197080291971,
      "recall": 0.7857142857142857,
      "f1-score": 0.7942238267148014,
      "support": 140.0
    },
    "1": {
      "precision": 0.5238095238095238,
      "recall": 0.55,
      "f1-score": 0.5365853658536586,
      "support": 60.0
    },
    "accuracy": 0.715,
    "macro avg": {
      "precision": 0.6633646159193605,
      "recall": 0.6678571428571429,
      "f1-score": 0.66540459628423,
      "support": 200.0
    },
    "weighted avg": {
      "precision": 0.7191866527632951,
      "recall": 0.715,
      "f1-score": 0.7169322884564585,
      "support": 200.0
    }
  },
  "XGBoost": {
    "0": {
      "precision": 0.8243243243243243,
      "recall": 0.8714285714285714,
      "f1-score": 0.8472222222222222,
      "support": 140.0
    },
    "1": {
      "precision": 0.6538461538461539,
      "recall": 0.5666666666666667,
      "f1-score": 0.6071428571428571,
      "support": 60.0
    },
    "accuracy": 0.78,
    "macro avg": {
      "precision": 0.7390852390852392,
      "recall": 0.719047619047619,
      "f1-score": 0.7271825396825397,
      "support": 200.0
    },
    "weighted avg": {
      "precision": 0.7731808731808733,
      "recall": 0.78,
      "f1-score": 0.7751984126984126,
      "support": 200.0
    }
  },
  "DeepLearning": {
    "0": {
      "precision": 0.7956204379562044,
      "recall": 0.7785714285714286,
      "f1-score": 0.7870036101083032,
      "support": 140.0
    },
    "1": {
      "precision": 0.5079365079365079,
      "recall": 0.5333333333333333,
      "f1-score": 0.5203252032520326,
      "support": 60.0
    },
    "accuracy": 0.705,
    "macro avg": {
      "precision": 0.6517784729463562,
      "recall": 0.655952380952381,
      "f1-score": 0.6536644066801679,
      "support": 200.0
    },
    "weighted avg": {
      "precision": 0.7093152589502956,
      "recall": 0.705,
      "f1-score": 0.707000088051422,
      "support": 200.0
    }
  }
}