{
  "RandomForest": {
    "0": {
      "precision": 0.8029197080291971,
      "recall": 0.7857142857142857,
      "f1-score": 0.7942238267148014,
      "support": 140.0
    },
    "1": {
      "precision": 0.5238095238095238,
      "recall": 0.55,
      "f1-score": 0.5365853658536586,
      "support": 60.0
    },
    "accuracy": 0.715,
    "macro avg": {
      "precision": 0.6633646159193605,
      "recall": 0.6678571428571429,
      "f1-score": 0.66540459628423,
      "support": 200.0
    },
    "weighted avg": {
      "precision": 0.7191866527632951,
      "recall": 0.715,
      "f1-score": 0.7169322884564585,
      "support": 200.0
    }
  },
  "XGBoost": {
    "0": {
      "precision": 0.8243243243243243,
      "recall": 0.8714285714285714,
      "f1-score": 0.8472222222222222,
      "support": 140.0
    },
    "1": {
      "precision": 0.6538461538461539,
      "recall": 0.5666666666666667,
      "f1-score": 0.6071428571428571,
      "support": 60.0
    },
    "accuracy": 0.78,
    "macro avg": {
      "precision": 0.7390852390852392,
      "recall": 0.719047619047619,
      "f1-score": 0.7271825396825397,
      "support": 200.0
    },
    "weighted avg": {
      "precision": 0.7731808731808733,
      "recall": 0.78,
      "f1-score": 0.7751984126984126,
      "support": 200.0
    }
  },
  "DeepLearning": {
    "0": {
      "precision": 0.7898550724637681,
      "recall": 0.7785714285714286,
      "f1-score": 0.7841726618705036,
      "support": 140.0
    },
    "1": {
      "precision": 0.5,
      "recall": 0.5166666666666667,
      "f1-score": 0.5081967213114754,
      "support": 60.0
    },
    "accuracy": 0.7,
    "macro avg": {
      "precision": 0.644927536231884,
      "recall": 0.6476190476190476,
      "f1-score": 0.6461846915909895,
      "support": 200.0
    },
    "weighted avg": {
      "precision": 0.7028985507246377,
      "recall": 0.7,
      "f1-score": 0.7013798797027951,
      "support": 200.0
    }
  }
}